Time,Pressure
0,0
0.001,0
0.002,0
0.003,0
0.004,0
0.005,0
0.006,0
0.007,0
0.008,0
0.009,0
0.01,0
0.011,0
0.012,0
0.013,0
0.014,0
0.015,0
0.016,0
0.017,0
0.018,0
0.019,0
0.02,0
0.021,0
0.022,0
0.023,0
0.024,0
0.025,0
0.026,0
0.027,0
0.028,0
0.029,0
0.03,0
0.031,0
0.032,0
0.033,0
0.034,0
0.035,0
0.036,0
0.037,0
0.038,0
0.039,0
0.04,0
0.041,0
0.042,0
0.043,0
0.044,0
0.045,0
0.046,0
0.047,0
0.048,0
0.049,0
0.05,0
0.051,2.10195e-44
0.052,6.30584e-44
0.053,1.47136e-43
0.054,3.16693e-43
0.055,6.13769e-43
0.056,1.14486e-42
0.057,2.05851e-42
0.058,3.63217e-42
0.059,6.33387e-42
0.06,1.09077e-41
0.061,1.85672e-41
0.062,3.1249e-41
0.063,5.20821e-41
0.064,8.60467e-41
0.065,1.40952e-40
0.066,2.29016e-40
0.067,3.69157e-40
0.068,5.9051e-40
0.069,9.3762e-40
0.07,1.4781e-39
0.071,2.31392e-39
0.072,3.59783e-39
0.073,5.55734e-39
0.074,8.52915e-39
0.075,1.30086e-38
0.076,1.97205e-38
0.077,2.97188e-38
0.078,4.45287e-38
0.079,6.63448e-38
0.08,9.8309e-38
0.081,1.44896e-37
0.082,2.12449e-37
0.083,3.09914e-37
0.084,4.49849e-37
0.085,6.49805e-37
0.086,9.34196e-37
0.087,1.33683e-36
0.088,1.90435e-36
0.089,2.70078e-36
0.09,3.81369e-36
0.091,5.36237e-36
0.092,7.50865e-36
0.093,1.04712e-35
0.094,1.45446e-35
0.095,2.01236e-35
0.096,2.77361e-35
0.097,3.80851e-35
0.098,5.21033e-35
0.099,7.10241e-35
0.1,9.64733e-35
0.101,1.30586e-34
0.102,1.76159e-34
0.103,2.3684e-34
0.104,3.17378e-34
0.105,4.23929e-34
0.106,5.64455e-34
0.107,7.4922e-34
0.108,9.91415e-34
0.109,1.30795e-33
0.11,1.72043e-33
0.111,2.25639e-33
0.112,2.95083e-33
0.113,3.84809e-33
0.114,5.00424e-33
0.115,6.48994e-33
0.116,8.39405e-33
0.117,1.0828e-32
0.118,1.39312e-32
0.119,1.78775e-32
0.12,2.28834e-32
0.121,2.92178e-32
0.122,3.72135e-32
0.123,4.7282e-32
0.124,5.99303e-32
0.125,7.57822e-32
0.126,9.56031e-32
0.127,1.2033e-31
0.128,1.51107e-31
0.129,1.8933e-31
0.13,2.36694e-31
0.131,2.95259e-31
0.132,3.67516e-31
0.133,4.56477e-31
0.134,5.65772e-31
0.135,6.99768e-31
0.136,8.6371e-31
0.137,1.06388e-30
0.138,1.30779e-30
0.139,1.6044e-30
0.14,1.96438e-30
0.141,2.40042e-30
0.142,2.92755e-30
0.143,3.56357e-30
0.144,4.32952e-30
0.145,5.25018e-30
0.146,6.35471e-30
0.147,7.67738e-30
0.148,9.25832e-30
0.149,1.11445e-29
0.15,1.33907e-29
0.151,1.60608e-29
0.152,1.92291e-29
0.153,2.29818e-29
0.154,2.74188e-29
0.155,3.26555e-29
0.156,3.88253e-29
0.157,4.60814e-29
0.158,5.46005e-29
0.159,6.45848e-29
0.16,7.6266e-29
0.161,8.99089e-29
0.162,1.05815e-28
0.163,1.24329e-28
0.164,1.45841e-28
0.165,1.70793e-28
0.166,1.99686e-28
0.167,2.33084e-28
0.168,2.71625e-28
0.169,3.16024e-28
0.17,3.67084e-28
0.171,4.25703e-28
0.172,4.92883e-28
0.173,5.69743e-28
0.174,6.57524e-28
0.175,7.57604e-28
0.176,8.71505e-28
0.177,1.00091e-27
0.178,1.14766e-27
0.179,1.31379e-27
0.18,1.50152e-27
0.181,1.71328e-27
0.182,1.95168e-27
0.183,2.21959e-27
0.184,2.5201e-27
0.185,2.85651e-27
0.186,3.2324e-27
0.187,3.65155e-27
0.188,4.11801e-27
0.189,4.63606e-27
0.19,5.21017e-27
0.191,5.84505e-27
0.192,6.54559e-27
0.193,7.31681e-27
0.194,8.16387e-27
0.195,9.09196e-27
0.196,1.01063e-26
0.197,1.1212e-26
0.198,1.2414e-26
0.199,1.37171e-26
0.2,1.51255e-26
0.201,1.66429e-26
0.202,1.82724e-26
0.203,2.0016e-26
0.204,2.18748e-26
0.205,2.38482e-26
0.206,2.59342e-26
0.207,2.81286e-26
0.208,3.04248e-26
0.209,3.28137e-26
0.21,3.52825e-26
0.211,3.78151e-26
0.212,4.03909e-26
0.213,4.29844e-26
0.214,4.55647e-26
0.215,4.80944e-26
0.216,5.05294e-26
0.217,5.28177e-26
0.218,5.48983e-26
0.219,5.6701e-26
0.22,5.81446e-26
0.221,5.91366e-26
0.222,5.95714e-26
0.223,5.93299e-26
0.224,5.82777e-26
0.225,5.62645e-26
0.226,5.31225e-26
0.227,4.86655e-26
0.228,4.26876e-26
0.229,3.49623e-26
0.23,2.52413e-26
0.231,1.32536e-26
0.232,-1.29502e-27
0.233,-1.8723e-26
0.234,-3.93731e-26
0.235,-6.36127e-26
0.236,-9.18334e-26
0.237,-1.24451e-25
0.238,-1.61903e-25
0.239,-2.0465e-25
0.24,-2.53171e-25
0.241,-3.07961e-25
0.242,-3.69527e-25
0.243,-4.38389e-25
0.244,-5.15064e-25
0.245,-6.00071e-25
0.246,-6.93915e-25
0.247,-7.97082e-25
0.248,-9.10029e-25
0.249,-1.03317e-24
0.25,-1.16686e-24
0.251,-1.31138e-24
0.252,-1.46693e-24
0.253,-1.6336e-24
0.254,-1.81133e-24
0.255,-1.99993e-24
0.256,-2.199e-24
0.257,-2.40794e-24
0.258,-2.6259e-24
0.259,-2.85174e-24
0.26,-3.084e-24
0.261,-3.32084e-24
0.262,-3.56003e-24
0.263,-3.79885e-24
0.264,-4.03408e-24
0.265,-4.26193e-24
0.266,-4.47796e-24
0.267,-4.67706e-24
0.268,-4.85334e-24
0.269,-5.00011e-24
0.27,-5.10974e-24
0.271,-5.17369e-24
0.272,-5.18234e-24
0.273,-5.12497e-24
0.274,-4.98969e-24
0.275,-4.76334e-24
0.276,-4.43146e-24
0.277,-3.97819e-24
0.278,-3.38624e-24
0.279,-2.63685e-24
0.28,-1.7097e-24
0.281,-5.82935e-25
0.282,7.66877e-25
0.283,2.36474e-24
0.284,4.2372e-24
0.285,6.41233e-24
0.286,8.9196e-24
0.287,1.17898e-23
0.288,1.50551e-23
0.289,1.87484e-23
0.29,2.29036e-23
0.291,2.75552e-23
0.292,3.27377e-23
0.293,3.84857e-23
0.294,4.4833e-23
0.295,5.18124e-23
0.296,5.94549e-23
0.297,6.77893e-23
0.298,7.68411e-23
0.299,8.66316e-23
0.3,9.71774e-23
0.301,1.08489e-22
0.302,1.20569e-22
0.303,1.33411e-22
0.304,1.47001e-22
0.305,1.6131e-22
0.306,1.76297e-22
0.307,1.91905e-22
0.308,2.08059e-22
0.309,2.24666e-22
0.31,2.41608e-22
0.311,2.58744e-22
0.312,2.75905e-22
0.313,2.9289e-22
0.314,3.09465e-22
0.315,3.25359e-22
0.316,3.40261e-22
0.317,3.53814e-22
0.318,3.65614e-22
0.319,3.75206e-22
0.32,3.82078e-22
0.321,3.85659e-22
0.322,3.85313e-22
0.323,3.80336e-22
0.324,3.69954e-22
0.325,3.53314e-22
0.326,3.29485e-22
0.327,2.9745e-22
0.328,2.56108e-22
0.329,2.04265e-22
0.33,1.40634e-22
0.331,6.3834e-23
0.332,-2.76133e-23
0.333,-1.35285e-22
0.334,-2.60856e-22
0.335,-4.06097e-22
0.336,-5.72878e-22
0.337,-7.63156e-22
0.338,-9.78979e-22
0.339,-1.22248e-21
0.34,-1.49585e-21
0.341,-1.80136e-21
0.342,-2.14134e-21
0.343,-2.51813e-21
0.344,-2.9341e-21
0.345,-3.39165e-21
0.346,-3.8931e-21
0.347,-4.44078e-21
0.348,-5.03689e-21
0.349,-5.68355e-21
0.35,-6.38272e-21
0.351,-7.13616e-21
0.352,-7.94538e-21
0.353,-8.81162e-21
0.354,-9.73574e-21
0.355,-1.07182e-20
0.356,-1.1759e-20
0.357,-1.28575e-20
0.358,-1.40125e-20
0.359,-1.5222e-20
0.36,-1.64832e-20
0.361,-1.77925e-20
0.362,-1.9145e-20
0.363,-2.05348e-20
0.364,-2.19549e-20
0.365,-2.33965e-20
0.366,-2.48495e-20
0.367,-2.63022e-20
0.368,-2.77409e-20
0.369,-2.91499e-20
0.37,-3.05115e-20
0.371,-3.18055e-20
0.372,-3.30093e-20
0.373,-3.40978e-20
0.374,-3.50428e-20
0.375,-3.58132e-20
0.376,-3.63748e-20
0.377,-3.669e-20
0.378,-3.67175e-20
0.379,-3.64127e-20
0.38,-3.57267e-20
0.381,-3.4607e-20
0.382,-3.29967e-20
0.383,-3.08349e-20
0.384,-2.80563e-20
0.385,-2.45911e-20
0.386,-2.03652e-20
0.387,-1.53e-20
0.388,-9.3125e-21
0.389,-2.31536e-21
0.39,5.78302e-21
0.391,1.50783e-20
0.392,2.567e-20
0.393,3.76613e-20
0.394,5.11583e-20
0.395,6.62701e-20
0.396,8.3108e-20
0.397,1.01785e-19
0.398,1.22414e-19
0.399,1.45111e-19
0.4,1.69987e-19
0.401,1.97153e-19
0.402,2.26718e-19
0.403,2.58785e-19
0.404,2.93452e-19
0.405,3.30807e-19
0.406,3.70931e-19
0.407,4.13893e-19
0.408,4.59747e-19
0.409,5.08532e-19
0.41,5.60267e-19
0.411,6.1495e-19
0.412,6.72556e-19
0.413,7.33028e-19
0.414,7.96281e-19
0.415,8.62193e-19
0.416,9.30603e-19
0.417,1.00131e-18
0.418,1.07405e-18
0.419,1.14853e-18
0.42,1.22438e-18
0.421,1.30118e-18
0.422,1.37843e-18
0.423,1.45556e-18
0.424,1.53192e-18
0.425,1.60679e-18
0.426,1.67933e-18
0.427,1.74861e-18
0.428,1.81362e-18
0.429,1.8732e-18
0.43,1.92611e-18
0.431,1.97095e-18
0.432,2.00622e-18
0.433,2.03026e-18
0.434,2.04129e-18
0.435,2.03736e-18
0.436,2.01638e-18
0.437,1.97609e-18
0.438,1.91408e-18
0.439,1.82777e-18
0.44,1.71439e-18
0.441,1.57103e-18
0.442,1.39457e-18
0.443,1.18176e-18
0.444,9.29131e-19
0.445,6.33075e-19
0.446,2.89808e-19
0.447,-1.04616e-19
0.448,-5.54291e-19
0.449,-1.06345e-18
0.45,-1.63647e-18
0.451,-2.27782e-18
0.452,-2.99208e-18
0.453,-3.78391e-18
0.454,-4.65799e-18
0.455,-5.61906e-18
0.456,-6.67183e-18
0.457,-7.82096e-18
0.458,-9.07104e-18
0.459,-1.04265e-17
0.46,-1.18917e-17
0.461,-1.34705e-17
0.462,-1.51668e-17
0.463,-1.69839e-17
0.464,-1.89247e-17
0.465,-2.09916e-17
0.466,-2.31865e-17
0.467,-2.55105e-17
0.468,-2.79639e-17
0.469,-3.0546e-17
0.47,-3.32554e-17
0.471,-3.60891e-17
0.472,-3.90433e-17
0.473,-4.21125e-17
0.474,-4.52897e-17
0.475,-4.85661e-17
0.476,-5.19312e-17
0.477,-5.53723e-17
0.478,-5.88746e-17
0.479,-6.24208e-17
0.48,-6.5991e-17
0.481,-6.95624e-17
0.482,-7.31093e-17
0.483,-7.66028e-17
0.484,-8.00104e-17
0.485,-8.3296e-17
0.486,-8.64196e-17
0.487,-8.93371e-17
0.488,-9.19998e-17
0.489,-9.43548e-17
0.49,-9.6344e-17
0.491,-9.79044e-17
0.492,-9.89677e-17
0.493,-9.94601e-17
0.494,-9.93021e-17
0.495,-9.84084e-17
0.496,-9.66874e-17
0.497,-9.40414e-17
0.498,-9.03664e-17
0.499,-8.55518e-17
0.5,-7.94804e-17
0.501,-7.20285e-17
0.502,-6.30655e-17
0.503,-5.24545e-17
0.504,-4.00517e-17
0.505,-2.5707e-17
0.506,-9.26418e-18
0.507,9.43929e-18
0.508,3.05715e-17
0.509,5.4306e-17
0.51,8.08211e-17
0.511,1.103e-16
0.512,1.42928e-16
0.513,1.78895e-16
0.514,2.18393e-16
0.515,2.61614e-16
0.516,3.0875e-16
0.517,3.59993e-16
0.518,4.15532e-16
0.519,4.7555e-16
0.52,5.40227e-16
0.521,6.09732e-16
0.522,6.84228e-16
0.523,7.63862e-16
0.524,8.48769e-16
0.525,9.39067e-16
0.526,1.03485e-15
0.527,1.1362e-15
0.528,1.24315e-15
0.529,1.35573e-15
0.53,1.47391e-15
0.531,1.59765e-15
0.532,1.72685e-15
0.533,1.86136e-15
0.534,2.00099e-15
0.535,2.14548e-15
0.536,2.29452e-15
0.537,2.44773e-15
0.538,2.60464e-15
0.539,2.76473e-15
0.54,2.92737e-15
0.541,3.09183e-15
0.542,3.25731e-15
0.543,3.42287e-15
0.544,3.58748e-15
0.545,3.74998e-15
0.546,3.90906e-15
0.547,4.0633e-15
0.548,4.21112e-15
0.549,4.35079e-15
0.55,4.48041e-15
0.551,4.59791e-15
0.552,4.70106e-15
0.553,4.7874e-15
0.554,4.85433e-15
0.555,4.89901e-15
0.556,4.91839e-15
0.557,4.90923e-15
0.558,4.86804e-15
0.559,4.79111e-15
0.56,4.67449e-15
0.561,4.51402e-15
0.562,4.30524e-15
0.563,4.0435e-15
0.564,3.72388e-15
0.565,3.3412e-15
0.566,2.89004e-15
0.567,2.36476e-15
0.568,1.75945e-15
0.569,1.06798e-15
0.57,2.83982e-16
0.571,-5.99107e-16
0.572,-1.58807e-15
0.573,-2.68986e-15
0.574,-3.91161e-15
0.575,-5.26059e-15
0.576,-6.74421e-15
0.577,-8.36995e-15
0.578,-1.01453e-14
0.579,-1.2078e-14
0.58,-1.41754e-14
0.581,-1.64451e-14
0.582,-1.88944e-14
0.583,-2.15305e-14
0.584,-2.43605e-14
0.585,-2.73909e-14
0.586,-3.0628e-14
0.587,-3.40778e-14
0.588,-3.77454e-14
0.589,-4.16356e-14
0.59,-4.57522e-14
0.591,-5.00984e-14
0.592,-5.46763e-14
0.593,-5.94868e-14
0.594,-6.453e-14
0.595,-6.98042e-14
0.596,-7.53063e-14
0.597,-8.10318e-14
0.598,-8.6974e-14
0.599,-9.31246e-14
0.6,-9.94727e-14
0.601,-1.06005e-13
0.602,-1.12707e-13
0.603,-1.19558e-13
0.604,-1.26539e-13
0.605,-1.33624e-13
0.606,-1.40785e-13
0.607,-1.4799e-13
0.608,-1.55203e-13
0.609,-1.62384e-13
0.61,-1.69489e-13
0.611,-1.76468e-13
0.612,-1.83266e-13
0.613,-1.89825e-13
0.614,-1.96079e-13
0.615,-2.01956e-13
0.616,-2.0738e-13
0.617,-2.12267e-13
0.618,-2.16525e-13
0.619,-2.20059e-13
0.62,-2.22762e-13
0.621,-2.24524e-13
0.622,-2.25224e-13
0.623,-2.24734e-13
0.624,-2.22919e-13
0.625,-2.19634e-13
0.626,-2.14725e-13
0.627,-2.08033e-13
0.628,-1.99385e-13
0.629,-1.88603e-13
0.63,-1.755e-13
0.631,-1.59877e-13
0.632,-1.41529e-13
0.633,-1.20241e-13
0.634,-9.57908e-14
0.635,-6.79464e-14
0.636,-3.64684e-14
0.637,-1.1094e-15
0.638,3.83849e-14
0.639,8.22756e-14
0.64,1.3083e-13
0.641,1.8432e-13
0.642,2.43024e-13
0.643,3.07221e-13
0.644,3.77194e-13
0.645,4.53228e-13
0.646,5.35607e-13
0.647,6.24613e-13
0.648,7.20525e-13
0.649,8.23617e-13
0.65,9.34157e-13
0.651,1.0524e-12
0.652,1.1786e-12
0.653,1.31297e-12
0.654,1.45575e-12
0.655,1.60712e-12
0.656,1.76725e-12
0.657,1.93629e-12
0.658,2.11436e-12
0.659,2.30153e-12
0.66,2.49785e-12
0.661,2.70332e-12
0.662,2.91788e-12
0.663,3.14145e-12
0.664,3.37386e-12
0.665,3.61489e-12
0.666,3.86426e-12
0.667,4.12159e-12
0.668,4.38645e-12
0.669,4.6583e-12
0.67,4.93651e-12
0.671,5.22035e-12
0.672,5.50899e-12
0.673,5.80146e-12
0.674,6.0967e-12
0.675,6.39348e-12
0.676,6.69046e-12
0.677,6.98613e-12
0.678,7.27883e-12
0.679,7.56673e-12
0.68,7.84784e-12
0.681,8.11997e-12
0.682,8.38074e-12
0.683,8.62755e-12
0.684,8.85763e-12
0.685,9.06796e-12
0.686,9.25529e-12
0.687,9.41615e-12
0.688,9.54681e-12
0.689,9.64329e-12
0.69,9.70135e-12
0.691,9.71648e-12
0.692,9.6839e-12
0.693,9.59855e-12
0.694,9.45507e-12
0.695,9.24783e-12
0.696,8.97089e-12
0.697,8.61802e-12
0.698,8.1827e-12
0.699,7.6581e-12
0.7,7.03709e-12
0.701,6.31228e-12
0.702,5.47596e-12
0.703,4.52015e-12
0.704,3.43659e-12
0.705,2.21677e-12
0.706,8.51921e-13
0.707,-6.66945e-13
0.708,-2.34904e-12
0.709,-4.20378e-12
0.71,-6.24072e-12
0.711,-8.46959e-12
0.712,-1.09002e-11
0.713,-1.35425e-11
0.714,-1.64063e-11
0.715,-1.95017e-11
0.716,-2.28385e-11
0.717,-2.64264e-11
0.718,-3.02751e-11
0.719,-3.4394e-11
0.72,-3.87921e-11
0.721,-4.34782e-11
0.722,-4.84606e-11
0.723,-5.37471e-11
0.724,-5.93448e-11
0.725,-6.52601e-11
0.726,-7.14988e-11
0.727,-7.80654e-11
0.728,-8.49637e-11
0.729,-9.21963e-11
0.73,-9.97642e-11
0.731,-1.07667e-10
0.732,-1.15904e-10
0.733,-1.24471e-10
0.734,-1.33362e-10
0.735,-1.4257e-10
0.736,-1.52086e-10
0.737,-1.61897e-10
0.738,-1.71989e-10
0.739,-1.82344e-10
0.74,-1.92942e-10
0.741,-2.03759e-10
0.742,-2.14768e-10
0.743,-2.25939e-10
0.744,-2.37237e-10
0.745,-2.48622e-10
0.746,-2.60053e-10
0.747,-2.71481e-10
0.748,-2.82853e-10
0.749,-2.94114e-10
0.75,-3.05198e-10
0.751,-3.16038e-10
0.752,-3.26559e-10
0.753,-3.36682e-10
0.754,-3.46318e-10
0.755,-3.55374e-10
0.756,-3.6375e-10
0.757,-3.71339e-10
0.758,-3.78025e-10
0.759,-3.83686e-10
0.76,-3.88192e-10
0.761,-3.91405e-10
0.762,-3.93178e-10
0.763,-3.93355e-10
0.764,-3.91775e-10
0.765,-3.88265e-10
0.766,-3.82644e-10
0.767,-3.74723e-10
0.768,-3.64303e-10
0.769,-3.51176e-10
0.77,-3.35128e-10
0.771,-3.15932e-10
0.772,-2.93354e-10
0.773,-2.67153e-10
0.774,-2.37077e-10
0.775,-2.02867e-10
0.776,-1.64257e-10
0.777,-1.20971e-10
0.778,-7.27291e-11
0.779,-1.92426e-11
0.78,3.97824e-11
0.781,1.04645e-10
0.782,1.7565e-10
0.783,2.53105e-10
0.784,3.3732e-10
0.785,4.28608e-10
0.786,5.27282e-10
0.787,6.33655e-10
0.788,7.48038e-10
0.789,8.70738e-10
0.79,1.00206e-09
0.791,1.14229e-09
0.792,1.29173e-09
0.793,1.45065e-09
0.794,1.61932e-09
0.795,1.79798e-09
0.796,1.98688e-09
0.797,2.18621e-09
0.798,2.39617e-09
0.799,2.61693e-09
0.8,2.84863e-09
0.801,3.09136e-09
0.802,3.3452e-09
0.803,3.61018e-09
0.804,3.88629e-09
0.805,4.17346e-09
0.806,4.4716e-09
0.807,4.78053e-09
0.808,5.10004e-09
0.809,5.42983e-09
0.81,5.76956e-09
0.811,6.11879e-09
0.812,6.47702e-09
0.813,6.84365e-09
0.814,7.21801e-09
0.815,7.5993e-09
0.816,7.98667e-09
0.817,8.37911e-09
0.818,8.77554e-09
0.819,9.17473e-09
0.82,9.57535e-09
0.821,9.97592e-09
0.822,1.03748e-08
0.823,1.07703e-08
0.824,1.11604e-08
0.825,1.15432e-08
0.826,1.19163e-08
0.827,1.22774e-08
0.828,1.26239e-08
0.829,1.29531e-08
0.83,1.32619e-08
0.831,1.35473e-08
0.832,1.3806e-08
0.833,1.40342e-08
0.834,1.42284e-08
0.835,1.43845e-08
0.836,1.44983e-08
0.837,1.45654e-08
0.838,1.45812e-08
0.839,1.45408e-08
0.84,1.4439e-08
0.841,1.42706e-08
0.842,1.40298e-08
0.843,1.3711e-08
0.844,1.3308e-08
0.845,1.28146e-08
0.846,1.22241e-08
0.847,1.15299e-08
0.848,1.0725e-08
0.849,9.80217e-09
0.85,8.75396e-09
0.851,7.57276e-09
0.852,6.25076e-09
0.853,4.77996e-09
0.854,3.15218e-09
0.855,1.35909e-09
0.856,-6.07774e-10
0.857,-2.75701e-09
0.858,-5.0973e-09
0.859,-7.63742e-09
0.86,-1.03862e-08
0.861,-1.33525e-08
0.862,-1.65452e-08
0.863,-1.9973e-08
0.864,-2.36448e-08
0.865,-2.75692e-08
0.866,-3.17546e-08
0.867,-3.62095e-08
0.868,-4.09418e-08
0.869,-4.59594e-08
0.87,-5.12698e-08
0.871,-5.68801e-08
0.872,-6.27968e-08
0.873,-6.90261e-08
0.874,-7.55736e-08
0.875,-8.24442e-08
0.876,-8.96421e-08
0.877,-9.71708e-08
0.878,-1.05033e-07
0.879,-1.1323e-07
0.88,-1.21762e-07
0.881,-1.30629e-07
0.882,-1.39829e-07
0.883,-1.4936e-07
0.884,-1.59216e-07
0.885,-1.69391e-07
0.886,-1.79879e-07
0.887,-1.90668e-07
0.888,-2.0175e-07
0.889,-2.13109e-07
0.89,-2.2473e-07
0.891,-2.36598e-07
0.892,-2.4869e-07
0.893,-2.60985e-07
0.894,-2.73458e-07
0.895,-2.86082e-07
0.896,-2.98825e-07
0.897,-3.11655e-07
0.898,-3.24534e-07
0.899,-3.37422e-07
0.9,-3.50276e-07
0.901,-3.63049e-07
0.902,-3.7569e-07
0.903,-3.88145e-07
0.904,-4.00354e-07
0.905,-4.12256e-07
0.906,-4.23782e-07
0.907,-4.34862e-07
0.908,-4.4542e-07
0.909,-4.55375e-07
0.91,-4.64641e-07
0.911,-4.73129e-07
0.912,-4.80743e-07
0.913,-4.87382e-07
0.914,-4.92941e-07
0.915,-4.97309e-07
0.916,-5.0037e-07
0.917,-5.02002e-07
0.918,-5.02077e-07
0.919,-5.00464e-07
0.92,-4.97024e-07
0.921,-4.91612e-07
0.922,-4.84081e-07
0.923,-4.74274e-07
0.924,-4.62031e-07
0.925,-4.47186e-07
0.926,-4.29569e-07
0.927,-4.09003e-07
0.928,-3.85305e-07
0.929,-3.5829e-07
0.93,-3.27765e-07
0.931,-2.93536e-07
0.932,-2.55401e-07
0.933,-2.13156e-07
0.934,-1.66592e-07
0.935,-1.15499e-07
0.936,-5.96608e-08
0.937,1.14006e-09
0.938,6.71232e-08
0.939,1.3851e-07
0.94,2.15524e-07
0.941,2.98388e-07
0.942,3.87326e-07
0.943,4.82561e-07
0.944,5.84314e-07
0.945,6.92806e-07
0.946,8.08252e-07
0.947,9.30866e-07
0.948,1.06086e-06
0.949,1.19843e-06
0.95,1.34377e-06
0.951,1.49708e-06
0.952,1.65853e-06
0.953,1.8283e-06
0.954,2.00653e-06
0.955,2.19339e-06
0.956,2.38899e-06
0.957,2.59346e-06
0.958,2.80689e-06
0.959,3.02937e-06
0.96,3.26095e-06
0.961,3.50168e-06
0.962,3.75157e-06
0.963,4.01061e-06
0.964,4.27876e-06
0.965,4.55596e-06
0.966,4.84211e-06
0.967,5.13708e-06
0.968,5.44071e-06
0.969,5.75278e-06
0.97,6.07306e-06
0.971,6.40126e-06
0.972,6.73705e-06
0.973,7.08005e-06
0.974,7.42984e-06
0.975,7.78595e-06
0.976,8.14784e-06
0.977,8.51491e-06
0.978,8.88654e-06
0.979,9.262e-06
0.98,9.64053e-06
0.981,1.00213e-05
0.982,1.04034e-05
0.983,1.07858e-05
0.984,1.11674e-05
0.985,1.15473e-05
0.986,1.1924e-05
0.987,1.22964e-05
0.988,1.26631e-05
0.989,1.30225e-05
0.99,1.33731e-05
0.991,1.37133e-05
0.992,1.40414e-05
0.993,1.43554e-05
0.994,1.46535e-05
0.995,1.49336e-05
0.996,1.51935e-05
0.997,1.5431e-05
0.998,1.56438e-05
0.999,1.58294e-05
1,1.59851e-05
1.001,1.61084e-05
1.002,1.61964e-05
1.003,1.62463e-05
1.004,1.62549e-05
1.005,1.62192e-05
1.006,1.6136e-05
1.007,1.60018e-05
1.008,1.58132e-05
1.009,1.55666e-05
1.01,1.52583e-05
1.011,1.48845e-05
1.012,1.44414e-05
1.013,1.39249e-05
1.014,1.33308e-05
1.015,1.26551e-05
1.016,1.18933e-05
1.017,1.10411e-05
1.018,1.0094e-05
1.019,9.04743e-06
1.02,7.89672e-06
1.021,6.63719e-06
1.022,5.26404e-06
1.023,3.77244e-06
1.024,2.15751e-06
1.025,4.1431e-07
1.026,-1.46211e-06
1.027,-3.47675e-06
1.028,-5.63459e-06
1.029,-7.94065e-06
1.03,-1.03999e-05
1.031,-1.30173e-05
1.032,-1.57979e-05
1.033,-1.87464e-05
1.034,-2.18678e-05
1.035,-2.51668e-05
1.036,-2.8648e-05
1.037,-3.2316e-05
1.038,-3.61753e-05
1.039,-4.023e-05
1.04,-4.44844e-05
1.041,-4.89424e-05
1.042,-5.36077e-05
1.043,-5.84838e-05
1.044,-6.35739e-05
1.045,-6.88812e-05
1.046,-7.44082e-05
1.047,-8.01573e-05
1.048,-8.61307e-05
1.049,-9.23299e-05
1.05,-9.87562e-05
1.051,-0.00010541
1.052,-0.000112293
1.053,-0.000119404
1.054,-0.000126743
1.055,-0.000134308
1.056,-0.000142098
1.057,-0.00015011
1.058,-0.000158342
1.059,-0.00016679
1.06,-0.000175449
1.061,-0.000184315
1.062,-0.000193381
1.063,-0.000202641
1.064,-0.000212087
1.065,-0.000221712
1.066,-0.000231505
1.067,-0.000241456
1.068,-0.000251554
1.069,-0.000261787
1.07,-0.000272141
1.071,-0.000282602
1.072,-0.000293154
1.073,-0.00030378
1.074,-0.000314462
1.075,-0.000325181
1.076,-0.000335917
1.077,-0.000346646
1.078,-0.000357347
1.079,-0.000367994
1.08,-0.00037856
1.081,-0.000389019
1.082,-0.000399342
1.083,-0.000409497
1.084,-0.000419452
1.085,-0.000429173
1.086,-0.000438625
1.087,-0.000447772
1.088,-0.000456573
1.089,-0.000464988
1.09,-0.000472975
1.091,-0.000480491
1.092,-0.000487488
1.093,-0.00049392
1.094,-0.000499738
1.095,-0.000504889
1.096,-0.000509321
1.097,-0.000512979
1.098,-0.000515807
1.099,-0.000517745
1.1,-0.000518733
1.101,-0.00051871
1.102,-0.00051761
1.103,-0.000515368
1.104,-0.000511916
1.105,-0.000507185
1.106,-0.000501104
1.107,-0.000493599
1.108,-0.000484595
1.109,-0.000474016
1.11,-0.000461784
1.111,-0.00044782
1.112,-0.000432041
1.113,-0.000414365
1.114,-0.000394708
1.115,-0.000372984
1.116,-0.000349105
1.117,-0.000322984
1.118,-0.000294531
1.119,-0.000263656
1.12,-0.000230265
1.121,-0.000194268
1.122,-0.000155569
1.123,-0.000114076
1.124,-6.96917e-05
1.125,-2.23218e-05
1.126,2.81302e-05
1.127,8.17606e-05
1.128,0.000138666
1.129,0.000198943
1.13,0.000262689
1.131,0.00033
1.132,0.000400972
1.133,0.000475701
1.134,0.000554282
1.135,0.000636809
1.136,0.000723375
1.137,0.000814074
1.138,0.000908995
1.139,0.00100823
1.14,0.00111186
1.141,0.00121998
1.142,0.00133267
1.143,0.00145001
1.144,0.00157209
1.145,0.00169897
1.146,0.00183073
1.147,0.00196745
1.148,0.00210919
1.149,0.00225601
1.15,0.00240798
1.151,0.00256515
1.152,0.00272757
1.153,0.0028953
1.154,0.00306838
1.155,0.00324684
1.156,0.00343072
1.157,0.00362005
1.158,0.00381485
1.159,0.00401514
1.16,0.00422094
1.161,0.00443224
1.162,0.00464905
1.163,0.00487136
1.164,0.00509916
1.165,0.00533243
1.166,0.00557113
1.167,0.00581523
1.168,0.0060647
1.169,0.00631948
1.17,0.0065795
1.171,0.00684472
1.172,0.00711504
1.173,0.00739039
1.174,0.00767067
1.175,0.00795579
1.176,0.00824564
1.177,0.00854009
1.178,0.00883902
1.179,0.00914229
1.18,0.00944975
1.181,0.00976125
1.182,0.0100766
1.183,0.0103957
1.184,0.0107183
1.185,0.0110442
1.186,0.0113732
1.187,0.0117051
1.188,0.0120397
1.189,0.0123767
1.19,0.0127159
1.191,0.0130571
1.192,0.0133999
1.193,0.0137442
1.194,0.0140896
1.195,0.0144358
1.196,0.0147825
1.197,0.0151294
1.198,0.0154763
1.199,0.0158227
1.2,0.0161683
1.201,0.0165128
1.202,0.0168559
1.203,0.0171971
1.204,0.0175361
1.205,0.0178726
1.206,0.018206
1.207,0.0185362
1.208,0.0188625
1.209,0.0191847
1.21,0.0195024
1.211,0.019815
1.212,0.0201223
1.213,0.0204237
1.214,0.0207188
1.215,0.0210073
1.216,0.0212886
1.217,0.0215624
1.218,0.0218282
1.219,0.0220855
1.22,0.0223339
1.221,0.022573
1.222,0.0228023
1.223,0.0230214
1.224,0.0232298
1.225,0.0234271
1.226,0.0236128
1.227,0.0237866
1.228,0.0239479
1.229,0.0240965
1.23,0.0242317
1.231,0.0243533
1.232,0.0244609
1.233,0.0245539
1.234,0.0246321
1.235,0.024695
1.236,0.0247422
1.237,0.0247735
1.238,0.0247884
1.239,0.0247866
1.24,0.0247678
1.241,0.0247316
1.242,0.0246777
1.243,0.024606
1.244,0.024516
1.245,0.0244075
1.246,0.0242803
1.247,0.0241341
1.248,0.0239688
1.249,0.0237841
1.25,0.0235799
1.251,0.023356
1.252,0.0231123
1.253,0.0228487
1.254,0.0225651
1.255,0.0222613
1.256,0.0219374
1.257,0.0215934
1.258,0.0212292
1.259,0.0208448
1.26,0.0204404
1.261,0.0200159
1.262,0.0195714
1.263,0.0191071
1.264,0.0186232
1.265,0.0181197
1.266,0.0175969
1.267,0.017055
1.268,0.0164943
1.269,0.0159149
1.27,0.0153172
1.271,0.0147016
1.272,0.0140683
1.273,0.0134178
1.274,0.0127504
1.275,0.0120666
1.276,0.0113668
1.277,0.0106515
1.278,0.00992111
1.279,0.00917627
1.28,0.00841747
1.281,0.00764529
1.282,0.00686032
1.283,0.00606317
1.284,0.00525448
1.285,0.0044349
1.286,0.00360512
1.287,0.00276583
1.288,0.00191774
1.289,0.00106158
1.29,0.000198122
1.291,-0.000671882
1.292,-0.00154765
1.293,-0.00242837
1.294,-0.00331324
1.295,-0.00420144
1.296,-0.00509213
1.297,-0.00598447
1.298,-0.0068776
1.299,-0.00777065
1.3,-0.00866276
1.301,-0.00955306
1.302,-0.0104407
1.303,-0.0113247
1.304,-0.0122043
1.305,-0.0130785
1.306,-0.0139465
1.307,-0.0148074
1.308,-0.0156603
1.309,-0.0165043
1.31,-0.0173386
1.311,-0.0181624
1.312,-0.0189747
1.313,-0.0197748
1.314,-0.0205618
1.315,-0.0213349
1.316,-0.0220934
1.317,-0.0228364
1.318,-0.0235631
1.319,-0.024273
1.32,-0.0249651
1.321,-0.0256389
1.322,-0.0262936
1.323,-0.0269287
1.324,-0.0275434
1.325,-0.0281373
1.326,-0.0287097
1.327,-0.0292601
1.328,-0.029788
1.329,-0.0302929
1.33,-0.0307744
1.331,-0.0312321
1.332,-0.0316657
1.333,-0.0320747
1.334,-0.0324589
1.335,-0.0328181
1.336,-0.033152
1.337,-0.0334605
1.338,-0.0337434
1.339,-0.0340005
1.34,-0.034232
1.341,-0.0344377
1.342,-0.0346176
1.343,-0.0347719
1.344,-0.0349007
1.345,-0.035004
1.346,-0.0350822
1.347,-0.0351354
1.348,-0.0351639
1.349,-0.035168
1.35,-0.0351482
1.351,-0.0351048
1.352,-0.0350382
1.353,-0.034949
1.354,-0.0348376
1.355,-0.0347047
1.356,-0.0345508
1.357,-0.0343766
1.358,-0.0341827
1.359,-0.0339699
1.36,-0.033739
1.361,-0.0334906
1.362,-0.0332256
1.363,-0.0329449
1.364,-0.0326492
1.365,-0.0323396
1.366,-0.0320169
1.367,-0.0316821
1.368,-0.0313361
1.369,-0.03098
1.37,-0.0306147
1.371,-0.0302412
1.372,-0.0298607
1.373,-0.0294741
1.374,-0.0290825
1.375,-0.028687
1.376,-0.0282887
1.377,-0.0278886
1.378,-0.0274878
1.379,-0.0270874
1.38,-0.0266885
1.381,-0.0262922
1.382,-0.0258994
1.383,-0.0255114
1.384,-0.025129
1.385,-0.0247535
1.386,-0.0243856
1.387,-0.0240265
1.388,-0.0236772
1.389,-0.0233385
1.39,-0.0230114
1.391,-0.0226968
1.392,-0.0223955
1.393,-0.0221085
1.394,-0.0218363
1.395,-0.02158
1.396,-0.02134
1.397,-0.0211172
1.398,-0.0209121
1.399,-0.0207254
1.4,-0.0205575
1.401,-0.0204091
1.402,-0.0202804
1.403,-0.020172
1.404,-0.020084
1.405,-0.0200169
1.406,-0.0199709
1.407,-0.0199461
1.408,-0.0199425
1.409,-0.0199604
1.41,-0.0199996
1.411,-0.0200601
1.412,-0.0201418
1.413,-0.0202445
1.414,-0.0203678
1.415,-0.0205116
1.416,-0.0206753
1.417,-0.0208587
1.418,-0.0210611
1.419,-0.0212819
1.42,-0.0215207
1.421,-0.0217766
1.422,-0.0220489
1.423,-0.0223368
1.424,-0.0226395
1.425,-0.0229559
1.426,-0.0232852
1.427,-0.0236263
1.428,-0.0239781
1.429,-0.0243394
1.43,-0.0247091
1.431,-0.0250859
1.432,-0.0254685
1.433,-0.0258557
1.434,-0.0262459
1.435,-0.0266379
1.436,-0.0270302
1.437,-0.0274213
1.438,-0.0278096
1.439,-0.0281938
1.44,-0.0285721
1.441,-0.028943
1.442,-0.0293049
1.443,-0.0296562
1.444,-0.0299952
1.445,-0.0303204
1.446,-0.03063
1.447,-0.0309224
1.448,-0.0311961
1.449,-0.0314492
1.45,-0.0316803
1.451,-0.0318876
1.452,-0.0320696
1.453,-0.0322248
1.454,-0.0323514
1.455,-0.0324481
1.456,-0.0325133
1.457,-0.0325456
1.458,-0.0325434
1.459,-0.0325055
1.46,-0.0324305
1.461,-0.032317
1.462,-0.032164
1.463,-0.0319701
1.464,-0.0317342
1.465,-0.0314554
1.466,-0.0311325
1.467,-0.0307647
1.468,-0.0303511
1.469,-0.029891
1.47,-0.0293835
1.471,-0.0288282
1.472,-0.0282244
1.473,-0.0275717
1.474,-0.0268697
1.475,-0.0261181
1.476,-0.0253167
1.477,-0.0244655
1.478,-0.0235645
1.479,-0.0226136
1.48,-0.0216131
1.481,-0.0205633
1.482,-0.0194645
1.483,-0.0183173
1.484,-0.0171221
1.485,-0.0158797
1.486,-0.0145909
1.487,-0.0132564
1.488,-0.0118774
1.489,-0.0104547
1.49,-0.00898967
1.491,-0.00748349
1.492,-0.00593752
1.493,-0.0043532
1.494,-0.00273208
1.495,-0.00107579
1.496,0.00061397
1.497,0.00233539
1.498,0.00408659
